{
    "mean": {
        "Open": 111.16732515807627,
        "High": 111.77589193332057,
        "Low": 110.49458516957272,
        "Close": 111.16526154435715,
        "SMA_7": 111.13532477486109,
        "SMA_21": 111.06933420925373,
        "RSI": 52.804856226965555
    },
    "std": {
        "Open": 25.272683351303257,
        "High": 25.374355906357977,
        "Low": 25.13748469271124,
        "Close": 25.258589124356966,
        "SMA_7": 25.27992189670921,
        "SMA_21": 25.33057874343986,
        "RSI": 19.780180023040916
    }
}