{
    "mean": {
        "Open": 151.2977507468622,
        "High": 199.4192368756797,
        "Low": 100.64301073022963,
        "Close": 148.42203548633026
    },
    "std": {
        "Open": 29.032340967297205,
        "High": 1.616840370929537,
        "Low": 1.6138258198865734,
        "Close": 28.416757111081512
    }
}