{
    "mean": {
        "Open": 111.16643897298333,
        "High": 111.58105192565625,
        "Low": 110.71477390304655,
        "Close": 111.16526154435715,
        "SMA_7": 111.14999192510881,
        "SMA_21": 111.11633545926516,
        "RSI": 52.63876649552615
    },
    "std": {
        "Open": 25.270416163912106,
        "High": 25.340861401175644,
        "Low": 25.18031900840779,
        "Close": 25.263525065760277,
        "SMA_7": 25.274404398233507,
        "SMA_21": 25.30137255443074,
        "RSI": 19.096677093538727
    }
}