{
    "mean": {
        "Open": 148.88419666374014,
        "High": 149.55626573017267,
        "Low": 148.16309043020195,
        "Close": 148.88708223587943,
        "SMA_7": 148.8399916384464,
        "SMA_21": 148.7371553994732,
        "RSI": 52.61282273193056,
        "Hour": 14.059994146912496,
        "DayOfWeek": 2.202516827626573
    },
    "std": {
        "Open": 29.363565824957774,
        "High": 29.308344448605855,
        "Low": 29.409330291363183,
        "Close": 29.377571859160387,
        "SMA_7": 29.33258135711898,
        "SMA_21": 29.244852891884303,
        "RSI": 19.010351530756566,
        "Hour": 7.050684297513085,
        "DayOfWeek": 1.4517874748582427
    }
}