{
    "mean": {
        "Open": 111.19240783410137,
        "High": 111.80043586789556,
        "Low": 110.51938556067587,
        "Close": 111.1895391705069,
        "SMA_7": 111.16139126618388,
        "SMA_21": 111.09796786994366,
        "RSI": 52.765223786981096,
        "Hour": 14.074884792626728,
        "DayOfWeek": 2.1941244239631335
    },
    "std": {
        "Open": 25.293392949685384,
        "High": 25.395436147642283,
        "Low": 25.15812968394356,
        "Close": 25.279622491783012,
        "SMA_7": 25.300224487688055,
        "SMA_21": 25.349639239777865,
        "RSI": 19.780413570263246,
        "Hour": 7.0322693738749855,
        "DayOfWeek": 1.4582559811313422
    }
}