{
    "mean": {
        "Open": 126.69545295698924,
        "High": 127.30044892473116,
        "Low": 126.0356317204301,
        "Close": 126.70224999999998,
        "SMA_7": 126.6455854454685,
        "SMA_21": 126.51753449820788,
        "RSI": 53.16811452237974,
        "Hour": 14.063709677419356,
        "DayOfWeek": 2.1979838709677417
    },
    "std": {
        "Open": 34.7136417213533,
        "High": 34.77434786222823,
        "Low": 34.637300340332075,
        "Close": 34.7109620738824,
        "SMA_7": 34.707498135672814,
        "SMA_21": 34.708766810674106,
        "RSI": 19.39729301203345,
        "Hour": 7.0473195766813514,
        "DayOfWeek": 1.4555921321501357
    }
}